product_img_url,product_id,
https://oaidalleapiprodscus.blob.core.windows.net/private/org-GMnbtRP4ficn3DyHiO8HT2Ou/user-uBxP2K66QnLbLi7g9cnyXmw2/img-wXAICEIVOReNonXvapE99Hqs.png?st=2025-01-02T00%3A58%3A01Z&se=2025-01-02T02%3A58%3A01Z&sp=r&sv=2024-08-04&sr=b&rscd=inline&rsct=image/png&skoid=d505667d-d6c1-4a0a-bac7-5c84a87759f8&sktid=a48cca56-e6da-484e-a814-9c849652bcb3&skt=2025-01-02T01%3A37%3A50Z&ske=2025-01-03T01%3A37%3A50Z&sks=b&skv=2024-08-04&sig=zTfMqiAQWO0QCeqsFsS87SkwdONp35U4BtsSqxKCbww%3D,1,
https://oaidalleapiprodscus.blob.core.windows.net/private/org-GMnbtRP4ficn3DyHiO8HT2Ou/user-uBxP2K66QnLbLi7g9cnyXmw2/img-UlsH3F3X3VmAGHpQzOL91fs0.png?st=2025-01-02T00%3A58%3A26Z&se=2025-01-02T02%3A58%3A26Z&sp=r&sv=2024-08-04&sr=b&rscd=inline&rsct=image/png&skoid=d505667d-d6c1-4a0a-bac7-5c84a87759f8&sktid=a48cca56-e6da-484e-a814-9c849652bcb3&skt=2025-01-01T22%3A01%3A58Z&ske=2025-01-02T22%3A01%3A58Z&sks=b&skv=2024-08-04&sig=sG232NfNEi24ctQ6goJUoLxiqA63RVGZfJ88AoD2344%3D,2,
https://oaidalleapiprodscus.blob.core.windows.net/private/org-GMnbtRP4ficn3DyHiO8HT2Ou/user-uBxP2K66QnLbLi7g9cnyXmw2/img-v5gWzXxS3OvATwIy1W4ReRZb.png?st=2025-01-02T00%3A58%3A46Z&se=2025-01-02T02%3A58%3A46Z&sp=r&sv=2024-08-04&sr=b&rscd=inline&rsct=image/png&skoid=d505667d-d6c1-4a0a-bac7-5c84a87759f8&sktid=a48cca56-e6da-484e-a814-9c849652bcb3&skt=2025-01-01T21%3A35%3A39Z&ske=2025-01-02T21%3A35%3A39Z&sks=b&skv=2024-08-04&sig=nrNrGfzk79DYPpsDhFN1YRzHjvhYhwu4vG84e30HdIw%3D,3,
https://oaidalleapiprodscus.blob.core.windows.net/private/org-GMnbtRP4ficn3DyHiO8HT2Ou/user-uBxP2K66QnLbLi7g9cnyXmw2/img-arYn0GXHCjD6ybdFzSmLayJa.png?st=2025-01-02T00%3A59%3A10Z&se=2025-01-02T02%3A59%3A10Z&sp=r&sv=2024-08-04&sr=b&rscd=inline&rsct=image/png&skoid=d505667d-d6c1-4a0a-bac7-5c84a87759f8&sktid=a48cca56-e6da-484e-a814-9c849652bcb3&skt=2025-01-01T17%3A57%3A20Z&ske=2025-01-02T17%3A57%3A20Z&sks=b&skv=2024-08-04&sig=NRk7XYowIuoiG/eE65jmEJzyXVs1IJyB%2BK5UPrW1gv8%3D,4,
https://oaidalleapiprodscus.blob.core.windows.net/private/org-GMnbtRP4ficn3DyHiO8HT2Ou/user-uBxP2K66QnLbLi7g9cnyXmw2/img-8Z6s19TdDkdF1gkQinv2wvZo.png?st=2025-01-02T00%3A59%3A31Z&se=2025-01-02T02%3A59%3A31Z&sp=r&sv=2024-08-04&sr=b&rscd=inline&rsct=image/png&skoid=d505667d-d6c1-4a0a-bac7-5c84a87759f8&sktid=a48cca56-e6da-484e-a814-9c849652bcb3&skt=2025-01-01T06%3A12%3A45Z&ske=2025-01-02T06%3A12%3A45Z&sks=b&skv=2024-08-04&sig=1/wmmcnjJfYdC02Q8hZt7zuL/vNW/DqgnxMqE9hgdZI%3D,5,
https://oaidalleapiprodscus.blob.core.windows.net/private/org-GMnbtRP4ficn3DyHiO8HT2Ou/user-uBxP2K66QnLbLi7g9cnyXmw2/img-s02W9t8mjnAejSoF8nKYr0x5.png?st=2025-01-02T00%3A59%3A55Z&se=2025-01-02T02%3A59%3A55Z&sp=r&sv=2024-08-04&sr=b&rscd=inline&rsct=image/png&skoid=d505667d-d6c1-4a0a-bac7-5c84a87759f8&sktid=a48cca56-e6da-484e-a814-9c849652bcb3&skt=2025-01-01T17%3A09%3A38Z&ske=2025-01-02T17%3A09%3A38Z&sks=b&skv=2024-08-04&sig=SdxlaDuSC2JL%2BmO4gJe5RY227BvAvJg09HjeCXWhEFk%3D,6,
https://oaidalleapiprodscus.blob.core.windows.net/private/org-GMnbtRP4ficn3DyHiO8HT2Ou/user-uBxP2K66QnLbLi7g9cnyXmw2/img-R5HpgNnXCO7EUc7qo3Q4QL1B.png?st=2025-01-02T01%3A00%3A19Z&se=2025-01-02T03%3A00%3A19Z&sp=r&sv=2024-08-04&sr=b&rscd=inline&rsct=image/png&skoid=d505667d-d6c1-4a0a-bac7-5c84a87759f8&sktid=a48cca56-e6da-484e-a814-9c849652bcb3&skt=2025-01-01T21%3A41%3A48Z&ske=2025-01-02T21%3A41%3A48Z&sks=b&skv=2024-08-04&sig=8t/vIbTlNx/ECclRctvRyw9jGVxVoAs3rn8Amnb%2BqLY%3D,7,
https://oaidalleapiprodscus.blob.core.windows.net/private/org-GMnbtRP4ficn3DyHiO8HT2Ou/user-uBxP2K66QnLbLi7g9cnyXmw2/img-y42mqGEqpkUXgA0kiCTaO0Ls.png?st=2025-01-02T01%3A00%3A43Z&se=2025-01-02T03%3A00%3A43Z&sp=r&sv=2024-08-04&sr=b&rscd=inline&rsct=image/png&skoid=d505667d-d6c1-4a0a-bac7-5c84a87759f8&sktid=a48cca56-e6da-484e-a814-9c849652bcb3&skt=2025-01-01T22%3A03%3A08Z&ske=2025-01-02T22%3A03%3A08Z&sks=b&skv=2024-08-04&sig=h75wtHfzMsDCgpJPuiC3wiKlnIHQbQrNLf1aaNbaE0w%3D,8,
https://oaidalleapiprodscus.blob.core.windows.net/private/org-GMnbtRP4ficn3DyHiO8HT2Ou/user-uBxP2K66QnLbLi7g9cnyXmw2/img-yQR5lWpuGJiusvcGYDGEwaS8.png?st=2025-01-02T01%3A01%3A05Z&se=2025-01-02T03%3A01%3A05Z&sp=r&sv=2024-08-04&sr=b&rscd=inline&rsct=image/png&skoid=d505667d-d6c1-4a0a-bac7-5c84a87759f8&sktid=a48cca56-e6da-484e-a814-9c849652bcb3&skt=2025-01-01T21%3A54%3A12Z&ske=2025-01-02T21%3A54%3A12Z&sks=b&skv=2024-08-04&sig=SbeHeA1qF7mZYTTGItaFlHK2%2BnNYaz6Z6dD3qr34uV8%3D,9,
https://oaidalleapiprodscus.blob.core.windows.net/private/org-GMnbtRP4ficn3DyHiO8HT2Ou/user-uBxP2K66QnLbLi7g9cnyXmw2/img-ql0id1xTYAVfHi6jx1b4MsfK.png?st=2025-01-02T01%3A01%3A29Z&se=2025-01-02T03%3A01%3A29Z&sp=r&sv=2024-08-04&sr=b&rscd=inline&rsct=image/png&skoid=d505667d-d6c1-4a0a-bac7-5c84a87759f8&sktid=a48cca56-e6da-484e-a814-9c849652bcb3&skt=2025-01-01T15%3A08%3A53Z&ske=2025-01-02T15%3A08%3A53Z&sks=b&skv=2024-08-04&sig=Dd6i%2BxshRhKJkr1lQbAibGz7lCaXxSDwrb%2BdMNGar/M%3D,10,
https://oaidalleapiprodscus.blob.core.windows.net/private/org-GMnbtRP4ficn3DyHiO8HT2Ou/user-uBxP2K66QnLbLi7g9cnyXmw2/img-M03fLNelycJEfdx6xwBpTcMs.png?st=2025-01-02T01%3A01%3A52Z&se=2025-01-02T03%3A01%3A52Z&sp=r&sv=2024-08-04&sr=b&rscd=inline&rsct=image/png&skoid=d505667d-d6c1-4a0a-bac7-5c84a87759f8&sktid=a48cca56-e6da-484e-a814-9c849652bcb3&skt=2025-01-01T22%3A33%3A34Z&ske=2025-01-02T22%3A33%3A34Z&sks=b&skv=2024-08-04&sig=QKLHqUjSHT9KxPwXW0v4WlTn9goI4k9SL81OsYiBf80%3D,11,
https://oaidalleapiprodscus.blob.core.windows.net/private/org-GMnbtRP4ficn3DyHiO8HT2Ou/user-uBxP2K66QnLbLi7g9cnyXmw2/img-kyT6QKbMB2KlksscBdKwH5PM.png?st=2025-01-02T01%3A02%3A17Z&se=2025-01-02T03%3A02%3A17Z&sp=r&sv=2024-08-04&sr=b&rscd=inline&rsct=image/png&skoid=d505667d-d6c1-4a0a-bac7-5c84a87759f8&sktid=a48cca56-e6da-484e-a814-9c849652bcb3&skt=2025-01-01T21%3A04%3A21Z&ske=2025-01-02T21%3A04%3A21Z&sks=b&skv=2024-08-04&sig=gYOxC3oL2ALWh00F31qnYxTnFX%2BSHgC3oTPw8e%2B8T0E%3D,12,
https://oaidalleapiprodscus.blob.core.windows.net/private/org-GMnbtRP4ficn3DyHiO8HT2Ou/user-uBxP2K66QnLbLi7g9cnyXmw2/img-HF0lWPiFyV6zwzVEDHGnNjvt.png?st=2025-01-02T01%3A02%3A43Z&se=2025-01-02T03%3A02%3A43Z&sp=r&sv=2024-08-04&sr=b&rscd=inline&rsct=image/png&skoid=d505667d-d6c1-4a0a-bac7-5c84a87759f8&sktid=a48cca56-e6da-484e-a814-9c849652bcb3&skt=2025-01-02T01%3A13%3A26Z&ske=2025-01-03T01%3A13%3A26Z&sks=b&skv=2024-08-04&sig=0LAyu3uxPZpkz%2BaenBxvouodaG/sywcL%2BFu8yC/sSO4%3D,13,
https://oaidalleapiprodscus.blob.core.windows.net/private/org-GMnbtRP4ficn3DyHiO8HT2Ou/user-uBxP2K66QnLbLi7g9cnyXmw2/img-xWuUXtzKlNxhuc7VylPxwfKP.png?st=2025-01-02T01%3A03%3A08Z&se=2025-01-02T03%3A03%3A08Z&sp=r&sv=2024-08-04&sr=b&rscd=inline&rsct=image/png&skoid=d505667d-d6c1-4a0a-bac7-5c84a87759f8&sktid=a48cca56-e6da-484e-a814-9c849652bcb3&skt=2025-01-01T21%3A31%3A43Z&ske=2025-01-02T21%3A31%3A43Z&sks=b&skv=2024-08-04&sig=8ZZXzS3oDnwt7EbuJIvj5lgtj9kYmIbzT9vxTHN2Shg%3D,14,
https://oaidalleapiprodscus.blob.core.windows.net/private/org-GMnbtRP4ficn3DyHiO8HT2Ou/user-uBxP2K66QnLbLi7g9cnyXmw2/img-PIcRWSNfuSGuF0jMYqbEPFVj.png?st=2025-01-02T01%3A03%3A34Z&se=2025-01-02T03%3A03%3A34Z&sp=r&sv=2024-08-04&sr=b&rscd=inline&rsct=image/png&skoid=d505667d-d6c1-4a0a-bac7-5c84a87759f8&sktid=a48cca56-e6da-484e-a814-9c849652bcb3&skt=2025-01-01T03%3A17%3A37Z&ske=2025-01-02T03%3A17%3A37Z&sks=b&skv=2024-08-04&sig=N8EsjPdvf8YJElPy/SLbhDjav/in4/va%2Bl/RP8u6VoU%3D,15,
https://oaidalleapiprodscus.blob.core.windows.net/private/org-GMnbtRP4ficn3DyHiO8HT2Ou/user-uBxP2K66QnLbLi7g9cnyXmw2/img-Mgo1UY6vyMxcarYlEGjZMhFA.png?st=2025-01-02T01%3A04%3A00Z&se=2025-01-02T03%3A04%3A00Z&sp=r&sv=2024-08-04&sr=b&rscd=inline&rsct=image/png&skoid=d505667d-d6c1-4a0a-bac7-5c84a87759f8&sktid=a48cca56-e6da-484e-a814-9c849652bcb3&skt=2025-01-01T05%3A17%3A39Z&ske=2025-01-02T05%3A17%3A39Z&sks=b&skv=2024-08-04&sig=ENihzeBeofCWeNCdxc45WpEhXz0nBWpVwP6SyPQLxE4%3D,16,
https://oaidalleapiprodscus.blob.core.windows.net/private/org-GMnbtRP4ficn3DyHiO8HT2Ou/user-uBxP2K66QnLbLi7g9cnyXmw2/img-wgof46SanzkAwP2uNki1C3QP.png?st=2025-01-02T01%3A04%3A21Z&se=2025-01-02T03%3A04%3A21Z&sp=r&sv=2024-08-04&sr=b&rscd=inline&rsct=image/png&skoid=d505667d-d6c1-4a0a-bac7-5c84a87759f8&sktid=a48cca56-e6da-484e-a814-9c849652bcb3&skt=2025-01-01T07%3A42%3A57Z&ske=2025-01-02T07%3A42%3A57Z&sks=b&skv=2024-08-04&sig=KCJJYrodcnOvRvQao4ZAUbyXgg6G2xAZRHl4lWSxrwk%3D,17,
https://oaidalleapiprodscus.blob.core.windows.net/private/org-GMnbtRP4ficn3DyHiO8HT2Ou/user-uBxP2K66QnLbLi7g9cnyXmw2/img-Ogzy1N9hzvRw5dFMhiK6Wm3H.png?st=2025-01-02T01%3A04%3A47Z&se=2025-01-02T03%3A04%3A47Z&sp=r&sv=2024-08-04&sr=b&rscd=inline&rsct=image/png&skoid=d505667d-d6c1-4a0a-bac7-5c84a87759f8&sktid=a48cca56-e6da-484e-a814-9c849652bcb3&skt=2025-01-01T22%3A17%3A07Z&ske=2025-01-02T22%3A17%3A07Z&sks=b&skv=2024-08-04&sig=fkqwRNDpdBRnp%2BCEMPfqyYmW8MsbwQA01nzD2n9zHdA%3D,18,
https://oaidalleapiprodscus.blob.core.windows.net/private/org-GMnbtRP4ficn3DyHiO8HT2Ou/user-uBxP2K66QnLbLi7g9cnyXmw2/img-WMTIQfNsovIGxxbQTCQKbdgC.png?st=2025-01-02T01%3A05%3A10Z&se=2025-01-02T03%3A05%3A10Z&sp=r&sv=2024-08-04&sr=b&rscd=inline&rsct=image/png&skoid=d505667d-d6c1-4a0a-bac7-5c84a87759f8&sktid=a48cca56-e6da-484e-a814-9c849652bcb3&skt=2025-01-01T20%3A10%3A44Z&ske=2025-01-02T20%3A10%3A44Z&sks=b&skv=2024-08-04&sig=cSeFzo/WMrcp5WpW063dG7DSaGYSSv%2B%2BN2cqfHRZkDE%3D,19,
https://oaidalleapiprodscus.blob.core.windows.net/private/org-GMnbtRP4ficn3DyHiO8HT2Ou/user-uBxP2K66QnLbLi7g9cnyXmw2/img-XXLE51rexXJ48G06Ae9QqHV2.png?st=2025-01-02T01%3A05%3A36Z&se=2025-01-02T03%3A05%3A36Z&sp=r&sv=2024-08-04&sr=b&rscd=inline&rsct=image/png&skoid=d505667d-d6c1-4a0a-bac7-5c84a87759f8&sktid=a48cca56-e6da-484e-a814-9c849652bcb3&skt=2025-01-01T14%3A05%3A06Z&ske=2025-01-02T14%3A05%3A06Z&sks=b&skv=2024-08-04&sig=zoUPF9tqP2BUSLXeXAxNgsJkemDFXszM4bWkMOD2iJg%3D,20,
https://oaidalleapiprodscus.blob.core.windows.net/private/org-GMnbtRP4ficn3DyHiO8HT2Ou/user-uBxP2K66QnLbLi7g9cnyXmw2/img-lLAQlS8jAuhk8qnhT8wOXhyE.png?st=2025-01-02T01%3A05%3A57Z&se=2025-01-02T03%3A05%3A57Z&sp=r&sv=2024-08-04&sr=b&rscd=inline&rsct=image/png&skoid=d505667d-d6c1-4a0a-bac7-5c84a87759f8&sktid=a48cca56-e6da-484e-a814-9c849652bcb3&skt=2025-01-01T21%3A56%3A33Z&ske=2025-01-02T21%3A56%3A33Z&sks=b&skv=2024-08-04&sig=RahtQz8jEluahhXkIVlBdVnzK0TtIrXQxao0kqGWIi8%3D,21,
https://oaidalleapiprodscus.blob.core.windows.net/private/org-GMnbtRP4ficn3DyHiO8HT2Ou/user-uBxP2K66QnLbLi7g9cnyXmw2/img-zDJq0cIIzrYgB7uga5RpFaVr.png?st=2025-01-02T01%3A06%3A29Z&se=2025-01-02T03%3A06%3A29Z&sp=r&sv=2024-08-04&sr=b&rscd=inline&rsct=image/png&skoid=d505667d-d6c1-4a0a-bac7-5c84a87759f8&sktid=a48cca56-e6da-484e-a814-9c849652bcb3&skt=2025-01-01T21%3A53%3A12Z&ske=2025-01-02T21%3A53%3A12Z&sks=b&skv=2024-08-04&sig=V4vRog/NeCmT8T%2B3HIvD%2Bjd1mW5SWL3toSXN/gP0s38%3D,22,
https://oaidalleapiprodscus.blob.core.windows.net/private/org-GMnbtRP4ficn3DyHiO8HT2Ou/user-uBxP2K66QnLbLi7g9cnyXmw2/img-qpT9msoh5wov9ZIdslY7N5h4.png?st=2025-01-02T01%3A06%3A51Z&se=2025-01-02T03%3A06%3A51Z&sp=r&sv=2024-08-04&sr=b&rscd=inline&rsct=image/png&skoid=d505667d-d6c1-4a0a-bac7-5c84a87759f8&sktid=a48cca56-e6da-484e-a814-9c849652bcb3&skt=2025-01-01T23%3A05%3A57Z&ske=2025-01-02T23%3A05%3A57Z&sks=b&skv=2024-08-04&sig=tblLViPrsrYVH4NMGEP6JikpoyPGFm0zxOLQ3i9kkOc%3D,23,
https://oaidalleapiprodscus.blob.core.windows.net/private/org-GMnbtRP4ficn3DyHiO8HT2Ou/user-uBxP2K66QnLbLi7g9cnyXmw2/img-3ioKRsL6mjwb75I7XYbXCPUc.png?st=2025-01-02T01%3A07%3A15Z&se=2025-01-02T03%3A07%3A15Z&sp=r&sv=2024-08-04&sr=b&rscd=inline&rsct=image/png&skoid=d505667d-d6c1-4a0a-bac7-5c84a87759f8&sktid=a48cca56-e6da-484e-a814-9c849652bcb3&skt=2025-01-01T11%3A15%3A00Z&ske=2025-01-02T11%3A15%3A00Z&sks=b&skv=2024-08-04&sig=r%2B2kRFu6DghZgBwS8Yahb%2Br6aVLMx767spL1sDamTmk%3D,24,
https://oaidalleapiprodscus.blob.core.windows.net/private/org-GMnbtRP4ficn3DyHiO8HT2Ou/user-uBxP2K66QnLbLi7g9cnyXmw2/img-4V7rRuYOQpwCFvO4DNirGi6E.png?st=2025-01-02T01%3A07%3A39Z&se=2025-01-02T03%3A07%3A39Z&sp=r&sv=2024-08-04&sr=b&rscd=inline&rsct=image/png&skoid=d505667d-d6c1-4a0a-bac7-5c84a87759f8&sktid=a48cca56-e6da-484e-a814-9c849652bcb3&skt=2025-01-01T22%3A23%3A27Z&ske=2025-01-02T22%3A23%3A27Z&sks=b&skv=2024-08-04&sig=4SZvH/iJw6KL015ZCwV4rkaU6caF/78QyVyrO9uazho%3D,25,
https://oaidalleapiprodscus.blob.core.windows.net/private/org-GMnbtRP4ficn3DyHiO8HT2Ou/user-uBxP2K66QnLbLi7g9cnyXmw2/img-zwTKSvQlzAVofbkIFY3D420V.png?st=2025-01-02T01%3A08%3A04Z&se=2025-01-02T03%3A08%3A04Z&sp=r&sv=2024-08-04&sr=b&rscd=inline&rsct=image/png&skoid=d505667d-d6c1-4a0a-bac7-5c84a87759f8&sktid=a48cca56-e6da-484e-a814-9c849652bcb3&skt=2025-01-01T21%3A42%3A19Z&ske=2025-01-02T21%3A42%3A19Z&sks=b&skv=2024-08-04&sig=Zwa6sD663y61euQ%2BBcU8Sog15TY7OPbjAcb0WXzcs0U%3D,26,
https://oaidalleapiprodscus.blob.core.windows.net/private/org-GMnbtRP4ficn3DyHiO8HT2Ou/user-uBxP2K66QnLbLi7g9cnyXmw2/img-kvN6zNclhe0WWl0Ia2E8rMQ2.png?st=2025-01-02T01%3A08%3A28Z&se=2025-01-02T03%3A08%3A28Z&sp=r&sv=2024-08-04&sr=b&rscd=inline&rsct=image/png&skoid=d505667d-d6c1-4a0a-bac7-5c84a87759f8&sktid=a48cca56-e6da-484e-a814-9c849652bcb3&skt=2025-01-01T20%3A31%3A59Z&ske=2025-01-02T20%3A31%3A59Z&sks=b&skv=2024-08-04&sig=rPBugadJTRdTbSSsS%2B2Ci1pBC9BGVEWdOWe3QYbLw9k%3D,27,
https://oaidalleapiprodscus.blob.core.windows.net/private/org-GMnbtRP4ficn3DyHiO8HT2Ou/user-uBxP2K66QnLbLi7g9cnyXmw2/img-5HiyVRcsYTw62Th2h2hsGJ6z.png?st=2025-01-02T01%3A08%3A50Z&se=2025-01-02T03%3A08%3A50Z&sp=r&sv=2024-08-04&sr=b&rscd=inline&rsct=image/png&skoid=d505667d-d6c1-4a0a-bac7-5c84a87759f8&sktid=a48cca56-e6da-484e-a814-9c849652bcb3&skt=2025-01-01T04%3A25%3A47Z&ske=2025-01-02T04%3A25%3A47Z&sks=b&skv=2024-08-04&sig=Ew2T9IDNeXvY0nQjKIUrnie3wKYqgvpCQUx9c67y5M4%3D,28,
https://oaidalleapiprodscus.blob.core.windows.net/private/org-GMnbtRP4ficn3DyHiO8HT2Ou/user-uBxP2K66QnLbLi7g9cnyXmw2/img-YRspeIkXkmQmiW2BmMfnmXNZ.png?st=2025-01-02T01%3A09%3A15Z&se=2025-01-02T03%3A09%3A15Z&sp=r&sv=2024-08-04&sr=b&rscd=inline&rsct=image/png&skoid=d505667d-d6c1-4a0a-bac7-5c84a87759f8&sktid=a48cca56-e6da-484e-a814-9c849652bcb3&skt=2025-01-01T11%3A52%3A37Z&ske=2025-01-02T11%3A52%3A37Z&sks=b&skv=2024-08-04&sig=rqZPaEOgmUNOrnhn782kFLdEvYewz4sPtO9uvp9GWMI%3D,29,
https://oaidalleapiprodscus.blob.core.windows.net/private/org-GMnbtRP4ficn3DyHiO8HT2Ou/user-uBxP2K66QnLbLi7g9cnyXmw2/img-EWLO4SUrT8FmYBfpn1cXdrvN.png?st=2025-01-02T01%3A09%3A39Z&se=2025-01-02T03%3A09%3A39Z&sp=r&sv=2024-08-04&sr=b&rscd=inline&rsct=image/png&skoid=d505667d-d6c1-4a0a-bac7-5c84a87759f8&sktid=a48cca56-e6da-484e-a814-9c849652bcb3&skt=2025-01-01T22%3A16%3A55Z&ske=2025-01-02T22%3A16%3A55Z&sks=b&skv=2024-08-04&sig=U/OSTpmj4pRAyAWXN7u3LBJjxCgUaXLvZX5xKIwHZf8%3D,30,
https://oaidalleapiprodscus.blob.core.windows.net/private/org-GMnbtRP4ficn3DyHiO8HT2Ou/user-uBxP2K66QnLbLi7g9cnyXmw2/img-MVh2CvqvW3HN3vlynD0nVsLl.png?st=2025-01-02T01%3A10%3A04Z&se=2025-01-02T03%3A10%3A04Z&sp=r&sv=2024-08-04&sr=b&rscd=inline&rsct=image/png&skoid=d505667d-d6c1-4a0a-bac7-5c84a87759f8&sktid=a48cca56-e6da-484e-a814-9c849652bcb3&skt=2025-01-01T23%3A01%3A46Z&ske=2025-01-02T23%3A01%3A46Z&sks=b&skv=2024-08-04&sig=KOjSQURZcliWZmiqAyPgM/XTGxyegmW5D2gIemQNE2g%3D,31,
https://oaidalleapiprodscus.blob.core.windows.net/private/org-GMnbtRP4ficn3DyHiO8HT2Ou/user-uBxP2K66QnLbLi7g9cnyXmw2/img-iOXQqsubldfySOUU8CDgQYQA.png?st=2025-01-02T01%3A10%3A26Z&se=2025-01-02T03%3A10%3A26Z&sp=r&sv=2024-08-04&sr=b&rscd=inline&rsct=image/png&skoid=d505667d-d6c1-4a0a-bac7-5c84a87759f8&sktid=a48cca56-e6da-484e-a814-9c849652bcb3&skt=2025-01-01T08%3A39%3A18Z&ske=2025-01-02T08%3A39%3A18Z&sks=b&skv=2024-08-04&sig=C8dq4y/XSMQmw8X52RDos/SOKHmg6fWMZKHeq/pQXMg%3D,32,
https://oaidalleapiprodscus.blob.core.windows.net/private/org-GMnbtRP4ficn3DyHiO8HT2Ou/user-uBxP2K66QnLbLi7g9cnyXmw2/img-HejJD0nQyMCfAH5I1zQFuk79.png?st=2025-01-02T01%3A10%3A49Z&se=2025-01-02T03%3A10%3A49Z&sp=r&sv=2024-08-04&sr=b&rscd=inline&rsct=image/png&skoid=d505667d-d6c1-4a0a-bac7-5c84a87759f8&sktid=a48cca56-e6da-484e-a814-9c849652bcb3&skt=2025-01-01T22%3A19%3A32Z&ske=2025-01-02T22%3A19%3A32Z&sks=b&skv=2024-08-04&sig=CiYqqpJ1vwuW2tzq2bjF9nM67Ez0kN/MAZ44N4%2Bxccs%3D,33,
https://oaidalleapiprodscus.blob.core.windows.net/private/org-GMnbtRP4ficn3DyHiO8HT2Ou/user-uBxP2K66QnLbLi7g9cnyXmw2/img-dPDFoPdjD2dZ1Q4zPm4SoVmH.png?st=2025-01-02T01%3A11%3A13Z&se=2025-01-02T03%3A11%3A13Z&sp=r&sv=2024-08-04&sr=b&rscd=inline&rsct=image/png&skoid=d505667d-d6c1-4a0a-bac7-5c84a87759f8&sktid=a48cca56-e6da-484e-a814-9c849652bcb3&skt=2025-01-01T21%3A14%3A27Z&ske=2025-01-02T21%3A14%3A27Z&sks=b&skv=2024-08-04&sig=6/GEO2Cc5CNypBm12U0NDwvvYNZ1x%2BhEqbjva/m41Xc%3D,34,
https://oaidalleapiprodscus.blob.core.windows.net/private/org-GMnbtRP4ficn3DyHiO8HT2Ou/user-uBxP2K66QnLbLi7g9cnyXmw2/img-6yEtEny4syvtvXc4Tyhnvc5k.png?st=2025-01-02T01%3A11%3A35Z&se=2025-01-02T03%3A11%3A35Z&sp=r&sv=2024-08-04&sr=b&rscd=inline&rsct=image/png&skoid=d505667d-d6c1-4a0a-bac7-5c84a87759f8&sktid=a48cca56-e6da-484e-a814-9c849652bcb3&skt=2025-01-01T22%3A09%3A47Z&ske=2025-01-02T22%3A09%3A47Z&sks=b&skv=2024-08-04&sig=f1gEvSOX%2BW0zhKKsqlcDNLXudYzHWL9BgsEynBGq0M4%3D,35,
https://oaidalleapiprodscus.blob.core.windows.net/private/org-GMnbtRP4ficn3DyHiO8HT2Ou/user-uBxP2K66QnLbLi7g9cnyXmw2/img-VLt6GjFoOgV79JvVVavf1AqA.png?st=2025-01-02T01%3A11%3A58Z&se=2025-01-02T03%3A11%3A58Z&sp=r&sv=2024-08-04&sr=b&rscd=inline&rsct=image/png&skoid=d505667d-d6c1-4a0a-bac7-5c84a87759f8&sktid=a48cca56-e6da-484e-a814-9c849652bcb3&skt=2025-01-01T22%3A00%3A40Z&ske=2025-01-02T22%3A00%3A40Z&sks=b&skv=2024-08-04&sig=K%2BW2xrZoSFCcKaJeTPnIsPlhaoQakPFqeWIUr1eB2vk%3D,36,
https://oaidalleapiprodscus.blob.core.windows.net/private/org-GMnbtRP4ficn3DyHiO8HT2Ou/user-uBxP2K66QnLbLi7g9cnyXmw2/img-DIYJO9fcOR0lV00RMTreG6GR.png?st=2025-01-02T01%3A12%3A58Z&se=2025-01-02T03%3A12%3A58Z&sp=r&sv=2024-08-04&sr=b&rscd=inline&rsct=image/png&skoid=d505667d-d6c1-4a0a-bac7-5c84a87759f8&sktid=a48cca56-e6da-484e-a814-9c849652bcb3&skt=2025-01-01T12%3A35%3A45Z&ske=2025-01-02T12%3A35%3A45Z&sks=b&skv=2024-08-04&sig=CXR5GR37FD%2BHb/9hrYJ7nCAhgJo3BPoEL6ce0ps88x8%3D,37,
https://oaidalleapiprodscus.blob.core.windows.net/private/org-GMnbtRP4ficn3DyHiO8HT2Ou/user-uBxP2K66QnLbLi7g9cnyXmw2/img-JvJuJrqjOdgnSqlP2LjiCG6V.png?st=2025-01-02T01%3A13%3A21Z&se=2025-01-02T03%3A13%3A21Z&sp=r&sv=2024-08-04&sr=b&rscd=inline&rsct=image/png&skoid=d505667d-d6c1-4a0a-bac7-5c84a87759f8&sktid=a48cca56-e6da-484e-a814-9c849652bcb3&skt=2025-01-01T09%3A35%3A48Z&ske=2025-01-02T09%3A35%3A48Z&sks=b&skv=2024-08-04&sig=7bTx/DPWU5Fp4rcYxKdHXGQ3y%2B5BA1oQlLYHYFJd6K8%3D,38,
https://oaidalleapiprodscus.blob.core.windows.net/private/org-GMnbtRP4ficn3DyHiO8HT2Ou/user-uBxP2K66QnLbLi7g9cnyXmw2/img-qe1tpNHdNw5DKYOew25lTwB1.png?st=2025-01-02T01%3A13%3A48Z&se=2025-01-02T03%3A13%3A48Z&sp=r&sv=2024-08-04&sr=b&rscd=inline&rsct=image/png&skoid=d505667d-d6c1-4a0a-bac7-5c84a87759f8&sktid=a48cca56-e6da-484e-a814-9c849652bcb3&skt=2025-01-01T12%3A01%3A02Z&ske=2025-01-02T12%3A01%3A02Z&sks=b&skv=2024-08-04&sig=lgiIbXvgS6mCrG%2B9MEgGXhD0IJR/g2JpCQVzlWcAM1w%3D,39,
https://oaidalleapiprodscus.blob.core.windows.net/private/org-GMnbtRP4ficn3DyHiO8HT2Ou/user-uBxP2K66QnLbLi7g9cnyXmw2/img-TLEVdVMIcKMwa5xCaRAp0WCs.png?st=2025-01-02T01%3A52%3A04Z&se=2025-01-02T03%3A52%3A04Z&sp=r&sv=2024-08-04&sr=b&rscd=inline&rsct=image/png&skoid=d505667d-d6c1-4a0a-bac7-5c84a87759f8&sktid=a48cca56-e6da-484e-a814-9c849652bcb3&skt=2025-01-02T01%3A28%3A35Z&ske=2025-01-03T01%3A28%3A35Z&sks=b&skv=2024-08-04&sig=CIyBbjhvuKd1OcWdZ5AcTJDHFx3tWbsa%2BoWAI8of8ro%3D,40,
https://oaidalleapiprodscus.blob.core.windows.net/private/org-GMnbtRP4ficn3DyHiO8HT2Ou/user-uBxP2K66QnLbLi7g9cnyXmw2/img-pT0Ic5PXHYdo7CcER3sJQa4Z.png?st=2025-01-02T01%3A52%3A27Z&se=2025-01-02T03%3A52%3A27Z&sp=r&sv=2024-08-04&sr=b&rscd=inline&rsct=image/png&skoid=d505667d-d6c1-4a0a-bac7-5c84a87759f8&sktid=a48cca56-e6da-484e-a814-9c849652bcb3&skt=2025-01-01T05%3A18%3A24Z&ske=2025-01-02T05%3A18%3A24Z&sks=b&skv=2024-08-04&sig=/BDk3SlgYXmjw2sSdsS9WFGTHHppVC944JGEOxQ%2BgUc%3D,41,
https://oaidalleapiprodscus.blob.core.windows.net/private/org-GMnbtRP4ficn3DyHiO8HT2Ou/user-uBxP2K66QnLbLi7g9cnyXmw2/img-Cpl2CQuXZchp3qYKhdD9ZIxK.png?st=2025-01-02T01%3A52%3A50Z&se=2025-01-02T03%3A52%3A50Z&sp=r&sv=2024-08-04&sr=b&rscd=inline&rsct=image/png&skoid=d505667d-d6c1-4a0a-bac7-5c84a87759f8&sktid=a48cca56-e6da-484e-a814-9c849652bcb3&skt=2025-01-01T17%3A21%3A57Z&ske=2025-01-02T17%3A21%3A57Z&sks=b&skv=2024-08-04&sig=1KgYrTBdkqPfO0PxqfaLt0ylr7MQsvOgRU8pEoAdtC0%3D,42,
https://oaidalleapiprodscus.blob.core.windows.net/private/org-GMnbtRP4ficn3DyHiO8HT2Ou/user-uBxP2K66QnLbLi7g9cnyXmw2/img-k6in2piwN87hk5f1nNO94nrA.png?st=2025-01-02T01%3A53%3A27Z&se=2025-01-02T03%3A53%3A27Z&sp=r&sv=2024-08-04&sr=b&rscd=inline&rsct=image/png&skoid=d505667d-d6c1-4a0a-bac7-5c84a87759f8&sktid=a48cca56-e6da-484e-a814-9c849652bcb3&skt=2025-01-01T21%3A27%3A35Z&ske=2025-01-02T21%3A27%3A35Z&sks=b&skv=2024-08-04&sig=7M/5DXgaMJ8bdmYEO/vJqUOYkuBsvx2xgAJaSgAiEBg%3D,43,
https://oaidalleapiprodscus.blob.core.windows.net/private/org-GMnbtRP4ficn3DyHiO8HT2Ou/user-uBxP2K66QnLbLi7g9cnyXmw2/img-4X1hOeorR92eJJpo2OYNCOVM.png?st=2025-01-02T01%3A53%3A53Z&se=2025-01-02T03%3A53%3A53Z&sp=r&sv=2024-08-04&sr=b&rscd=inline&rsct=image/png&skoid=d505667d-d6c1-4a0a-bac7-5c84a87759f8&sktid=a48cca56-e6da-484e-a814-9c849652bcb3&skt=2025-01-01T21%3A51%3A33Z&ske=2025-01-02T21%3A51%3A33Z&sks=b&skv=2024-08-04&sig=RevJrkILSlpe2PEsxw3d3krh3wo/MGzye5eFyZq6/Uw%3D,44,
https://oaidalleapiprodscus.blob.core.windows.net/private/org-GMnbtRP4ficn3DyHiO8HT2Ou/user-uBxP2K66QnLbLi7g9cnyXmw2/img-DLR9BCmNsjRD7ej5ezIgz4Rm.png?st=2025-01-02T01%3A54%3A17Z&se=2025-01-02T03%3A54%3A17Z&sp=r&sv=2024-08-04&sr=b&rscd=inline&rsct=image/png&skoid=d505667d-d6c1-4a0a-bac7-5c84a87759f8&sktid=a48cca56-e6da-484e-a814-9c849652bcb3&skt=2025-01-01T17%3A18%3A07Z&ske=2025-01-02T17%3A18%3A07Z&sks=b&skv=2024-08-04&sig=KtS1rHtVY5vdUALxmSVnZ8RUacF3iIaV02vXBzPn4Gc%3D,45,
https://oaidalleapiprodscus.blob.core.windows.net/private/org-GMnbtRP4ficn3DyHiO8HT2Ou/user-uBxP2K66QnLbLi7g9cnyXmw2/img-uD71hSuQSmibD2zGddlu446B.png?st=2025-01-02T01%3A54%3A41Z&se=2025-01-02T03%3A54%3A41Z&sp=r&sv=2024-08-04&sr=b&rscd=inline&rsct=image/png&skoid=d505667d-d6c1-4a0a-bac7-5c84a87759f8&sktid=a48cca56-e6da-484e-a814-9c849652bcb3&skt=2025-01-01T21%3A17%3A50Z&ske=2025-01-02T21%3A17%3A50Z&sks=b&skv=2024-08-04&sig=%2BMCYwSLl/VZmphTREeGMKO7fDttCUj/SjV6yl/Qeqq0%3D,46,
https://oaidalleapiprodscus.blob.core.windows.net/private/org-GMnbtRP4ficn3DyHiO8HT2Ou/user-uBxP2K66QnLbLi7g9cnyXmw2/img-mNLV8Yi2ICh3CEzThIU5sTvA.png?st=2025-01-02T01%3A55%3A04Z&se=2025-01-02T03%3A55%3A04Z&sp=r&sv=2024-08-04&sr=b&rscd=inline&rsct=image/png&skoid=d505667d-d6c1-4a0a-bac7-5c84a87759f8&sktid=a48cca56-e6da-484e-a814-9c849652bcb3&skt=2025-01-01T21%3A14%3A27Z&ske=2025-01-02T21%3A14%3A27Z&sks=b&skv=2024-08-04&sig=Q/i78lbSptix4L/RW/5kgQLcbShBGYsR%2By14Y/jecWM%3D,47,
https://oaidalleapiprodscus.blob.core.windows.net/private/org-GMnbtRP4ficn3DyHiO8HT2Ou/user-uBxP2K66QnLbLi7g9cnyXmw2/img-ccLXwLEQNJKeC6AhxJNVOTRj.png?st=2025-01-02T01%3A55%3A28Z&se=2025-01-02T03%3A55%3A28Z&sp=r&sv=2024-08-04&sr=b&rscd=inline&rsct=image/png&skoid=d505667d-d6c1-4a0a-bac7-5c84a87759f8&sktid=a48cca56-e6da-484e-a814-9c849652bcb3&skt=2025-01-01T06%3A05%3A00Z&ske=2025-01-02T06%3A05%3A00Z&sks=b&skv=2024-08-04&sig=UGEBzYiB7HUul1z2w9MhhWa1%2BLTYBmXl7BHv8AfHw3o%3D,48,
https://oaidalleapiprodscus.blob.core.windows.net/private/org-GMnbtRP4ficn3DyHiO8HT2Ou/user-uBxP2K66QnLbLi7g9cnyXmw2/img-gCbaz4JV89MgD7qo7izR4SkO.png?st=2025-01-02T01%3A55%3A50Z&se=2025-01-02T03%3A55%3A50Z&sp=r&sv=2024-08-04&sr=b&rscd=inline&rsct=image/png&skoid=d505667d-d6c1-4a0a-bac7-5c84a87759f8&sktid=a48cca56-e6da-484e-a814-9c849652bcb3&skt=2025-01-01T22%3A16%3A59Z&ske=2025-01-02T22%3A16%3A59Z&sks=b&skv=2024-08-04&sig=2MWAXhqu6lmZHD5q6qBrQegjDC2RH3VboD/6n%2BkO1X4%3D,49,
https://oaidalleapiprodscus.blob.core.windows.net/private/org-GMnbtRP4ficn3DyHiO8HT2Ou/user-uBxP2K66QnLbLi7g9cnyXmw2/img-BA8XUEncUk3SLKy6Km2ccdC3.png?st=2025-01-02T01%3A56%3A15Z&se=2025-01-02T03%3A56%3A15Z&sp=r&sv=2024-08-04&sr=b&rscd=inline&rsct=image/png&skoid=d505667d-d6c1-4a0a-bac7-5c84a87759f8&sktid=a48cca56-e6da-484e-a814-9c849652bcb3&skt=2025-01-01T21%3A50%3A23Z&ske=2025-01-02T21%3A50%3A23Z&sks=b&skv=2024-08-04&sig=DzVZMEKHak5pLot62Xf7SvMPkuWKByXRWThpCMk17zs%3D,50,
https://oaidalleapiprodscus.blob.core.windows.net/private/org-GMnbtRP4ficn3DyHiO8HT2Ou/user-uBxP2K66QnLbLi7g9cnyXmw2/img-ueYCvzdzpMKxwTAywIpXUQAz.png?st=2025-01-02T01%3A56%3A36Z&se=2025-01-02T03%3A56%3A36Z&sp=r&sv=2024-08-04&sr=b&rscd=inline&rsct=image/png&skoid=d505667d-d6c1-4a0a-bac7-5c84a87759f8&sktid=a48cca56-e6da-484e-a814-9c849652bcb3&skt=2025-01-01T19%3A31%3A27Z&ske=2025-01-02T19%3A31%3A27Z&sks=b&skv=2024-08-04&sig=bW/kwIQBQVAsiasdkL9Dy2nhFcJyjreyU4yso91iz0Y%3D,51,
https://oaidalleapiprodscus.blob.core.windows.net/private/org-GMnbtRP4ficn3DyHiO8HT2Ou/user-uBxP2K66QnLbLi7g9cnyXmw2/img-gdsfg5pBTroLDsh3jl3xvr6U.png?st=2025-01-02T01%3A56%3A58Z&se=2025-01-02T03%3A56%3A58Z&sp=r&sv=2024-08-04&sr=b&rscd=inline&rsct=image/png&skoid=d505667d-d6c1-4a0a-bac7-5c84a87759f8&sktid=a48cca56-e6da-484e-a814-9c849652bcb3&skt=2025-01-01T22%3A43%3A31Z&ske=2025-01-02T22%3A43%3A31Z&sks=b&skv=2024-08-04&sig=QLSY/KnMnY3WwANL9lJGUiIIDCydvGZycW/zI/SHR38%3D,52,
https://oaidalleapiprodscus.blob.core.windows.net/private/org-GMnbtRP4ficn3DyHiO8HT2Ou/user-uBxP2K66QnLbLi7g9cnyXmw2/img-NJoTytOW0PrmNn5Rxb8EAHld.png?st=2025-01-02T01%3A57%3A21Z&se=2025-01-02T03%3A57%3A21Z&sp=r&sv=2024-08-04&sr=b&rscd=inline&rsct=image/png&skoid=d505667d-d6c1-4a0a-bac7-5c84a87759f8&sktid=a48cca56-e6da-484e-a814-9c849652bcb3&skt=2025-01-01T19%3A55%3A29Z&ske=2025-01-02T19%3A55%3A29Z&sks=b&skv=2024-08-04&sig=wEtVVeLH8mVtkMVvPF4SMcf96HXX0AFSHmIUBF7OKts%3D,53,
https://oaidalleapiprodscus.blob.core.windows.net/private/org-GMnbtRP4ficn3DyHiO8HT2Ou/user-uBxP2K66QnLbLi7g9cnyXmw2/img-Hrl3GdfNai5ilYRZNjDEH0ZS.png?st=2025-01-02T01%3A57%3A47Z&se=2025-01-02T03%3A57%3A47Z&sp=r&sv=2024-08-04&sr=b&rscd=inline&rsct=image/png&skoid=d505667d-d6c1-4a0a-bac7-5c84a87759f8&sktid=a48cca56-e6da-484e-a814-9c849652bcb3&skt=2025-01-01T22%3A07%3A12Z&ske=2025-01-02T22%3A07%3A12Z&sks=b&skv=2024-08-04&sig=bHioiQR2bzKWj1FPjCo2B8DLpRx%2BpbpMPUqPY2EMEFo%3D,54,
https://oaidalleapiprodscus.blob.core.windows.net/private/org-GMnbtRP4ficn3DyHiO8HT2Ou/user-uBxP2K66QnLbLi7g9cnyXmw2/img-zfRGSE77g4xuFkF4eZlhiyv1.png?st=2025-01-02T01%3A58%3A10Z&se=2025-01-02T03%3A58%3A10Z&sp=r&sv=2024-08-04&sr=b&rscd=inline&rsct=image/png&skoid=d505667d-d6c1-4a0a-bac7-5c84a87759f8&sktid=a48cca56-e6da-484e-a814-9c849652bcb3&skt=2025-01-01T14%3A17%3A33Z&ske=2025-01-02T14%3A17%3A33Z&sks=b&skv=2024-08-04&sig=2aSaEZXecn5Q2B85nu9DY8NDzcctOqSkQZqc9GC6l08%3D,55,
https://oaidalleapiprodscus.blob.core.windows.net/private/org-GMnbtRP4ficn3DyHiO8HT2Ou/user-uBxP2K66QnLbLi7g9cnyXmw2/img-PRtWWJGmlElrgslbhNAOalzX.png?st=2025-01-02T01%3A58%3A32Z&se=2025-01-02T03%3A58%3A32Z&sp=r&sv=2024-08-04&sr=b&rscd=inline&rsct=image/png&skoid=d505667d-d6c1-4a0a-bac7-5c84a87759f8&sktid=a48cca56-e6da-484e-a814-9c849652bcb3&skt=2025-01-01T05%3A04%3A16Z&ske=2025-01-02T05%3A04%3A16Z&sks=b&skv=2024-08-04&sig=eXlgAO94AklZTHWH4cC2TV/APA45htJ9VMoeO9vUPNw%3D,56,
https://oaidalleapiprodscus.blob.core.windows.net/private/org-GMnbtRP4ficn3DyHiO8HT2Ou/user-uBxP2K66QnLbLi7g9cnyXmw2/img-CLWnydndZRSfyQtaLxOvyaAk.png?st=2025-01-02T01%3A58%3A55Z&se=2025-01-02T03%3A58%3A55Z&sp=r&sv=2024-08-04&sr=b&rscd=inline&rsct=image/png&skoid=d505667d-d6c1-4a0a-bac7-5c84a87759f8&sktid=a48cca56-e6da-484e-a814-9c849652bcb3&skt=2025-01-01T21%3A34%3A08Z&ske=2025-01-02T21%3A34%3A08Z&sks=b&skv=2024-08-04&sig=6f/QPCISgIUc9HjXPGzU1Mfy8UflZExrDH2lpucG5bs%3D,57,
https://oaidalleapiprodscus.blob.core.windows.net/private/org-GMnbtRP4ficn3DyHiO8HT2Ou/user-uBxP2K66QnLbLi7g9cnyXmw2/img-P6vSnd3OseeB9wQfhchZs8Kd.png?st=2025-01-02T01%3A59%3A20Z&se=2025-01-02T03%3A59%3A20Z&sp=r&sv=2024-08-04&sr=b&rscd=inline&rsct=image/png&skoid=d505667d-d6c1-4a0a-bac7-5c84a87759f8&sktid=a48cca56-e6da-484e-a814-9c849652bcb3&skt=2025-01-01T10%3A00%3A17Z&ske=2025-01-02T10%3A00%3A17Z&sks=b&skv=2024-08-04&sig=zkLzW9sXDdumIVGIRcBKjrSav9MgJsFo6h6HjhiC/Rc%3D,58,
https://oaidalleapiprodscus.blob.core.windows.net/private/org-GMnbtRP4ficn3DyHiO8HT2Ou/user-uBxP2K66QnLbLi7g9cnyXmw2/img-51hfruw9kx056HG3aXfVhgdY.png?st=2025-01-02T01%3A59%3A48Z&se=2025-01-02T03%3A59%3A48Z&sp=r&sv=2024-08-04&sr=b&rscd=inline&rsct=image/png&skoid=d505667d-d6c1-4a0a-bac7-5c84a87759f8&sktid=a48cca56-e6da-484e-a814-9c849652bcb3&skt=2025-01-01T21%3A19%3A21Z&ske=2025-01-02T21%3A19%3A21Z&sks=b&skv=2024-08-04&sig=oqFWDFO0yU4ADdlxpiBP%2BJQw5a00SFMNMitgMSSxdcg%3D,59,
https://oaidalleapiprodscus.blob.core.windows.net/private/org-GMnbtRP4ficn3DyHiO8HT2Ou/user-uBxP2K66QnLbLi7g9cnyXmw2/img-vQGvKMPrCi3TytrRWbOtQQmW.png?st=2025-01-02T02%3A00%3A10Z&se=2025-01-02T04%3A00%3A10Z&sp=r&sv=2024-08-04&sr=b&rscd=inline&rsct=image/png&skoid=d505667d-d6c1-4a0a-bac7-5c84a87759f8&sktid=a48cca56-e6da-484e-a814-9c849652bcb3&skt=2025-01-02T02%3A45%3A47Z&ske=2025-01-03T02%3A45%3A47Z&sks=b&skv=2024-08-04&sig=ZJpfBqb/6YyZVYWgJ8/Eencr6UHrOsyZ0B%2BkTxLvfIQ%3D,60,
https://oaidalleapiprodscus.blob.core.windows.net/private/org-GMnbtRP4ficn3DyHiO8HT2Ou/user-uBxP2K66QnLbLi7g9cnyXmw2/img-nrnsVCplrvPgKj26V77Bc8es.png?st=2025-01-02T02%3A00%3A34Z&se=2025-01-02T04%3A00%3A34Z&sp=r&sv=2024-08-04&sr=b&rscd=inline&rsct=image/png&skoid=d505667d-d6c1-4a0a-bac7-5c84a87759f8&sktid=a48cca56-e6da-484e-a814-9c849652bcb3&skt=2025-01-01T22%3A29%3A08Z&ske=2025-01-02T22%3A29%3A08Z&sks=b&skv=2024-08-04&sig=7/Rl7Rr94MedcXoZiFKdKEsyWGQNYWp7gnYlm0uA6DM%3D,61,
https://oaidalleapiprodscus.blob.core.windows.net/private/org-GMnbtRP4ficn3DyHiO8HT2Ou/user-uBxP2K66QnLbLi7g9cnyXmw2/img-B5CmzuYKX6Uy2A3OuEG8jOY6.png?st=2025-01-02T02%3A00%3A54Z&se=2025-01-02T04%3A00%3A54Z&sp=r&sv=2024-08-04&sr=b&rscd=inline&rsct=image/png&skoid=d505667d-d6c1-4a0a-bac7-5c84a87759f8&sktid=a48cca56-e6da-484e-a814-9c849652bcb3&skt=2025-01-01T22%3A28%3A31Z&ske=2025-01-02T22%3A28%3A31Z&sks=b&skv=2024-08-04&sig=0e3j6tyV%2BXnLM6ugsrb8VG/iZqJgHCSanGyEOn7PlW0%3D,62,
https://oaidalleapiprodscus.blob.core.windows.net/private/org-GMnbtRP4ficn3DyHiO8HT2Ou/user-uBxP2K66QnLbLi7g9cnyXmw2/img-yU9tQmtekqeNr74k6JzY8vtp.png?st=2025-01-02T02%3A01%3A20Z&se=2025-01-02T04%3A01%3A20Z&sp=r&sv=2024-08-04&sr=b&rscd=inline&rsct=image/png&skoid=d505667d-d6c1-4a0a-bac7-5c84a87759f8&sktid=a48cca56-e6da-484e-a814-9c849652bcb3&skt=2025-01-01T10%3A06%3A19Z&ske=2025-01-02T10%3A06%3A19Z&sks=b&skv=2024-08-04&sig=jtDTECLZbz1cm6hk5h88ejh7lnRZrFitHW2k1Bu437U%3D,63,
https://oaidalleapiprodscus.blob.core.windows.net/private/org-GMnbtRP4ficn3DyHiO8HT2Ou/user-uBxP2K66QnLbLi7g9cnyXmw2/img-EeKxk28CP9KBgSCBvPPyZFij.png?st=2025-01-02T02%3A01%3A46Z&se=2025-01-02T04%3A01%3A46Z&sp=r&sv=2024-08-04&sr=b&rscd=inline&rsct=image/png&skoid=d505667d-d6c1-4a0a-bac7-5c84a87759f8&sktid=a48cca56-e6da-484e-a814-9c849652bcb3&skt=2025-01-01T21%3A37%3A16Z&ske=2025-01-02T21%3A37%3A16Z&sks=b&skv=2024-08-04&sig=51z8ljcSHwqTtPcbU63IoSOQ81bV29TcnbriGA05fVw%3D,64,
https://oaidalleapiprodscus.blob.core.windows.net/private/org-GMnbtRP4ficn3DyHiO8HT2Ou/user-uBxP2K66QnLbLi7g9cnyXmw2/img-TFZovOK6tIbdgX1EEJ8FDeFA.png?st=2025-01-02T02%3A02%3A10Z&se=2025-01-02T04%3A02%3A10Z&sp=r&sv=2024-08-04&sr=b&rscd=inline&rsct=image/png&skoid=d505667d-d6c1-4a0a-bac7-5c84a87759f8&sktid=a48cca56-e6da-484e-a814-9c849652bcb3&skt=2025-01-01T09%3A32%3A29Z&ske=2025-01-02T09%3A32%3A29Z&sks=b&skv=2024-08-04&sig=B7ZF1kdlKLr4XlP90%2BZl7iGCuTSM%2BnfRD5FSm3l8Wyc%3D,65,
https://oaidalleapiprodscus.blob.core.windows.net/private/org-GMnbtRP4ficn3DyHiO8HT2Ou/user-uBxP2K66QnLbLi7g9cnyXmw2/img-t4dNG3zZETl9qCNnRgzUhBAx.png?st=2025-01-02T02%3A02%3A33Z&se=2025-01-02T04%3A02%3A33Z&sp=r&sv=2024-08-04&sr=b&rscd=inline&rsct=image/png&skoid=d505667d-d6c1-4a0a-bac7-5c84a87759f8&sktid=a48cca56-e6da-484e-a814-9c849652bcb3&skt=2025-01-01T19%3A56%3A23Z&ske=2025-01-02T19%3A56%3A23Z&sks=b&skv=2024-08-04&sig=2/CWuC9qK3oc6AY%2BpRZKftXDGXaDPoppvFSBFA29MQk%3D,66,
https://oaidalleapiprodscus.blob.core.windows.net/private/org-GMnbtRP4ficn3DyHiO8HT2Ou/user-uBxP2K66QnLbLi7g9cnyXmw2/img-inwBnaW49CVTgkNyxizSY6Sc.png?st=2025-01-02T02%3A02%3A56Z&se=2025-01-02T04%3A02%3A56Z&sp=r&sv=2024-08-04&sr=b&rscd=inline&rsct=image/png&skoid=d505667d-d6c1-4a0a-bac7-5c84a87759f8&sktid=a48cca56-e6da-484e-a814-9c849652bcb3&skt=2025-01-01T19%3A52%3A59Z&ske=2025-01-02T19%3A52%3A59Z&sks=b&skv=2024-08-04&sig=HNFsNCKhfrtuyOid8KG6Y1fPETH5rCWP0Wph9KYbAuE%3D,67,
https://oaidalleapiprodscus.blob.core.windows.net/private/org-GMnbtRP4ficn3DyHiO8HT2Ou/user-uBxP2K66QnLbLi7g9cnyXmw2/img-2UqW7xx25fiF1wTYZxCwEyq2.png?st=2025-01-02T02%3A03%3A23Z&se=2025-01-02T04%3A03%3A23Z&sp=r&sv=2024-08-04&sr=b&rscd=inline&rsct=image/png&skoid=d505667d-d6c1-4a0a-bac7-5c84a87759f8&sktid=a48cca56-e6da-484e-a814-9c849652bcb3&skt=2025-01-01T21%3A32%3A49Z&ske=2025-01-02T21%3A32%3A49Z&sks=b&skv=2024-08-04&sig=nCOvAFEXUG2smDQpWBI6SW3tX0nTN7EG58g96t1KPNE%3D,68,
https://oaidalleapiprodscus.blob.core.windows.net/private/org-GMnbtRP4ficn3DyHiO8HT2Ou/user-uBxP2K66QnLbLi7g9cnyXmw2/img-sMpQeAoACEpKWRnMD88grE4Y.png?st=2025-01-02T02%3A03%3A46Z&se=2025-01-02T04%3A03%3A46Z&sp=r&sv=2024-08-04&sr=b&rscd=inline&rsct=image/png&skoid=d505667d-d6c1-4a0a-bac7-5c84a87759f8&sktid=a48cca56-e6da-484e-a814-9c849652bcb3&skt=2025-01-01T22%3A05%3A57Z&ske=2025-01-02T22%3A05%3A57Z&sks=b&skv=2024-08-04&sig=7CRZWWMw8XGztsLdNdSsCBL9DxkUMlaUUdaWHb%2BAkAQ%3D,69,
https://oaidalleapiprodscus.blob.core.windows.net/private/org-GMnbtRP4ficn3DyHiO8HT2Ou/user-uBxP2K66QnLbLi7g9cnyXmw2/img-PbtwLe6LBsxDzBZTB8duZdmF.png?st=2025-01-02T02%3A04%3A17Z&se=2025-01-02T04%3A04%3A17Z&sp=r&sv=2024-08-04&sr=b&rscd=inline&rsct=image/png&skoid=d505667d-d6c1-4a0a-bac7-5c84a87759f8&sktid=a48cca56-e6da-484e-a814-9c849652bcb3&skt=2025-01-01T07%3A01%3A27Z&ske=2025-01-02T07%3A01%3A27Z&sks=b&skv=2024-08-04&sig=NUMr3lX91Z6McDj5KFiC2KgfWNsz9rp%2B3jTCOHhuTbQ%3D,70,
https://oaidalleapiprodscus.blob.core.windows.net/private/org-GMnbtRP4ficn3DyHiO8HT2Ou/user-uBxP2K66QnLbLi7g9cnyXmw2/img-kZd2qE4yK1jfbSwi8H3wL5U6.png?st=2025-01-02T02%3A04%3A42Z&se=2025-01-02T04%3A04%3A42Z&sp=r&sv=2024-08-04&sr=b&rscd=inline&rsct=image/png&skoid=d505667d-d6c1-4a0a-bac7-5c84a87759f8&sktid=a48cca56-e6da-484e-a814-9c849652bcb3&skt=2025-01-01T13%3A54%3A13Z&ske=2025-01-02T13%3A54%3A13Z&sks=b&skv=2024-08-04&sig=EjiKGQ7gbadlzyjhrLJZba4pqrO9p2q5a6E0kGUEX4k%3D,71,
https://oaidalleapiprodscus.blob.core.windows.net/private/org-GMnbtRP4ficn3DyHiO8HT2Ou/user-uBxP2K66QnLbLi7g9cnyXmw2/img-ks9iqA26EzuI5J3WBGoipF4o.png?st=2025-01-02T02%3A05%3A10Z&se=2025-01-02T04%3A05%3A10Z&sp=r&sv=2024-08-04&sr=b&rscd=inline&rsct=image/png&skoid=d505667d-d6c1-4a0a-bac7-5c84a87759f8&sktid=a48cca56-e6da-484e-a814-9c849652bcb3&skt=2025-01-01T21%3A35%3A41Z&ske=2025-01-02T21%3A35%3A41Z&sks=b&skv=2024-08-04&sig=BWvverZe2dpHICiCg3r3d3z/WjY8ROpvetgcrb/cCNA%3D,72,
https://oaidalleapiprodscus.blob.core.windows.net/private/org-GMnbtRP4ficn3DyHiO8HT2Ou/user-uBxP2K66QnLbLi7g9cnyXmw2/img-hUrtum0hfGnSvF4yuWgPIXZN.png?st=2025-01-02T02%3A05%3A31Z&se=2025-01-02T04%3A05%3A31Z&sp=r&sv=2024-08-04&sr=b&rscd=inline&rsct=image/png&skoid=d505667d-d6c1-4a0a-bac7-5c84a87759f8&sktid=a48cca56-e6da-484e-a814-9c849652bcb3&skt=2025-01-01T12%3A54%3A14Z&ske=2025-01-02T12%3A54%3A14Z&sks=b&skv=2024-08-04&sig=nQvFTUNi1XW4FEkb36sLEgfDlpYUnRlvusfFGjIQiaY%3D,73,
https://oaidalleapiprodscus.blob.core.windows.net/private/org-GMnbtRP4ficn3DyHiO8HT2Ou/user-uBxP2K66QnLbLi7g9cnyXmw2/img-vGFy8WEI3s2SAQ6rlVScpVOL.png?st=2025-01-02T02%3A05%3A53Z&se=2025-01-02T04%3A05%3A53Z&sp=r&sv=2024-08-04&sr=b&rscd=inline&rsct=image/png&skoid=d505667d-d6c1-4a0a-bac7-5c84a87759f8&sktid=a48cca56-e6da-484e-a814-9c849652bcb3&skt=2025-01-02T02%3A45%3A58Z&ske=2025-01-03T02%3A45%3A58Z&sks=b&skv=2024-08-04&sig=K/MSfuDGJHPwMabUrrgdHm9%2B9qEZNAz5TBzlghZa6Bg%3D,74,
https://oaidalleapiprodscus.blob.core.windows.net/private/org-GMnbtRP4ficn3DyHiO8HT2Ou/user-uBxP2K66QnLbLi7g9cnyXmw2/img-5XY5NakakmiGpHQSX2XOlxdy.png?st=2025-01-02T02%3A06%3A16Z&se=2025-01-02T04%3A06%3A16Z&sp=r&sv=2024-08-04&sr=b&rscd=inline&rsct=image/png&skoid=d505667d-d6c1-4a0a-bac7-5c84a87759f8&sktid=a48cca56-e6da-484e-a814-9c849652bcb3&skt=2025-01-01T04%3A42%3A51Z&ske=2025-01-02T04%3A42%3A51Z&sks=b&skv=2024-08-04&sig=3fzwLIBrqYECiRviWQ/6zNID6uX6Up1vGWPtxeYpSjo%3D,75,
https://oaidalleapiprodscus.blob.core.windows.net/private/org-GMnbtRP4ficn3DyHiO8HT2Ou/user-uBxP2K66QnLbLi7g9cnyXmw2/img-rHYcrtiMvhBr3josGY2lgwhn.png?st=2025-01-02T02%3A06%3A43Z&se=2025-01-02T04%3A06%3A43Z&sp=r&sv=2024-08-04&sr=b&rscd=inline&rsct=image/png&skoid=d505667d-d6c1-4a0a-bac7-5c84a87759f8&sktid=a48cca56-e6da-484e-a814-9c849652bcb3&skt=2025-01-01T03%3A07%3A25Z&ske=2025-01-02T03%3A07%3A25Z&sks=b&skv=2024-08-04&sig=xDQ60X7Y8yO/%2BpquPSwMBH/2auSk8xPwYN3ooJKMKFg%3D,76,
https://oaidalleapiprodscus.blob.core.windows.net/private/org-GMnbtRP4ficn3DyHiO8HT2Ou/user-uBxP2K66QnLbLi7g9cnyXmw2/img-Etu1gY2cuiS3gUZBalpUPpUc.png?st=2025-01-02T02%3A07%3A09Z&se=2025-01-02T04%3A07%3A09Z&sp=r&sv=2024-08-04&sr=b&rscd=inline&rsct=image/png&skoid=d505667d-d6c1-4a0a-bac7-5c84a87759f8&sktid=a48cca56-e6da-484e-a814-9c849652bcb3&skt=2025-01-01T17%3A21%3A57Z&ske=2025-01-02T17%3A21%3A57Z&sks=b&skv=2024-08-04&sig=A2Wtak%2BAy%2BFog%2B/xB2eVIo/B%2Bs8sWjs%2BN51sFZBBu%2Bs%3D,77,
https://oaidalleapiprodscus.blob.core.windows.net/private/org-GMnbtRP4ficn3DyHiO8HT2Ou/user-uBxP2K66QnLbLi7g9cnyXmw2/img-kVs3iczJk0KeCg5udpVKqcKG.png?st=2025-01-02T02%3A07%3A33Z&se=2025-01-02T04%3A07%3A33Z&sp=r&sv=2024-08-04&sr=b&rscd=inline&rsct=image/png&skoid=d505667d-d6c1-4a0a-bac7-5c84a87759f8&sktid=a48cca56-e6da-484e-a814-9c849652bcb3&skt=2025-01-01T15%3A52%3A22Z&ske=2025-01-02T15%3A52%3A22Z&sks=b&skv=2024-08-04&sig=%2BU27YZa%2BNKpMk9Dd68Ta58fNSmb4yYt41ie94KJQwm4%3D,78,
https://oaidalleapiprodscus.blob.core.windows.net/private/org-GMnbtRP4ficn3DyHiO8HT2Ou/user-uBxP2K66QnLbLi7g9cnyXmw2/img-xxqkl1jT9IqhKx11WkBiRuYE.png?st=2025-01-02T02%3A08%3A01Z&se=2025-01-02T04%3A08%3A01Z&sp=r&sv=2024-08-04&sr=b&rscd=inline&rsct=image/png&skoid=d505667d-d6c1-4a0a-bac7-5c84a87759f8&sktid=a48cca56-e6da-484e-a814-9c849652bcb3&skt=2025-01-01T06%3A29%3A30Z&ske=2025-01-02T06%3A29%3A30Z&sks=b&skv=2024-08-04&sig=J4x2EJXkplg4U8tmC8Xd/8tY/yNu8RvJqSHEy9JiM2U%3D,79,
https://oaidalleapiprodscus.blob.core.windows.net/private/org-GMnbtRP4ficn3DyHiO8HT2Ou/user-uBxP2K66QnLbLi7g9cnyXmw2/img-TBXlIH7j3LvjZQC3WigMRo0e.png?st=2025-01-02T02%3A08%3A30Z&se=2025-01-02T04%3A08%3A30Z&sp=r&sv=2024-08-04&sr=b&rscd=inline&rsct=image/png&skoid=d505667d-d6c1-4a0a-bac7-5c84a87759f8&sktid=a48cca56-e6da-484e-a814-9c849652bcb3&skt=2025-01-01T22%3A03%3A41Z&ske=2025-01-02T22%3A03%3A41Z&sks=b&skv=2024-08-04&sig=ae0xHij8yiKt4%2BdwpyHXbH6BbwaR18/XQsjYn72HrlM%3D,80,
https://oaidalleapiprodscus.blob.core.windows.net/private/org-GMnbtRP4ficn3DyHiO8HT2Ou/user-uBxP2K66QnLbLi7g9cnyXmw2/img-tq7EhmsNAEX2PfH4xDsoPc6l.png?st=2025-01-02T02%3A08%3A54Z&se=2025-01-02T04%3A08%3A54Z&sp=r&sv=2024-08-04&sr=b&rscd=inline&rsct=image/png&skoid=d505667d-d6c1-4a0a-bac7-5c84a87759f8&sktid=a48cca56-e6da-484e-a814-9c849652bcb3&skt=2025-01-01T07%3A24%3A44Z&ske=2025-01-02T07%3A24%3A44Z&sks=b&skv=2024-08-04&sig=LsT5cysQrCT/wI7lyOM7zYNaw5CY6ab2jb%2B6PNBRZCQ%3D,81,
https://oaidalleapiprodscus.blob.core.windows.net/private/org-GMnbtRP4ficn3DyHiO8HT2Ou/user-uBxP2K66QnLbLi7g9cnyXmw2/img-zo58slgsEBxRu1a8hzqnRNai.png?st=2025-01-02T02%3A09%3A17Z&se=2025-01-02T04%3A09%3A17Z&sp=r&sv=2024-08-04&sr=b&rscd=inline&rsct=image/png&skoid=d505667d-d6c1-4a0a-bac7-5c84a87759f8&sktid=a48cca56-e6da-484e-a814-9c849652bcb3&skt=2025-01-01T22%3A21%3A55Z&ske=2025-01-02T22%3A21%3A55Z&sks=b&skv=2024-08-04&sig=KtVF4rlzwjCgRDb/WkscsRe9UZTjA/UVj03UWni3eOE%3D,82,
https://oaidalleapiprodscus.blob.core.windows.net/private/org-GMnbtRP4ficn3DyHiO8HT2Ou/user-uBxP2K66QnLbLi7g9cnyXmw2/img-TR9sX5hdGzcPAr0J4hdnVNCe.png?st=2025-01-02T02%3A09%3A43Z&se=2025-01-02T04%3A09%3A43Z&sp=r&sv=2024-08-04&sr=b&rscd=inline&rsct=image/png&skoid=d505667d-d6c1-4a0a-bac7-5c84a87759f8&sktid=a48cca56-e6da-484e-a814-9c849652bcb3&skt=2025-01-01T22%3A42%3A51Z&ske=2025-01-02T22%3A42%3A51Z&sks=b&skv=2024-08-04&sig=JbWikba9lbr1yvdYkLoMOXp/dyF5Jd/GAE/eLQwbv38%3D,83,
https://oaidalleapiprodscus.blob.core.windows.net/private/org-GMnbtRP4ficn3DyHiO8HT2Ou/user-uBxP2K66QnLbLi7g9cnyXmw2/img-JPP7rI0ZO0sHHNSvG27MOD4c.png?st=2025-01-02T02%3A10%3A07Z&se=2025-01-02T04%3A10%3A07Z&sp=r&sv=2024-08-04&sr=b&rscd=inline&rsct=image/png&skoid=d505667d-d6c1-4a0a-bac7-5c84a87759f8&sktid=a48cca56-e6da-484e-a814-9c849652bcb3&skt=2025-01-01T21%3A33%3A54Z&ske=2025-01-02T21%3A33%3A54Z&sks=b&skv=2024-08-04&sig=0g/kDE8GbC%2BsD1dIJLnOFCfQo3xO6WKCyI2LE03bLjA%3D,84,
https://oaidalleapiprodscus.blob.core.windows.net/private/org-GMnbtRP4ficn3DyHiO8HT2Ou/user-uBxP2K66QnLbLi7g9cnyXmw2/img-8kEh9OlDPqcH4JbcqLHONyuJ.png?st=2025-01-02T02%3A10%3A30Z&se=2025-01-02T04%3A10%3A30Z&sp=r&sv=2024-08-04&sr=b&rscd=inline&rsct=image/png&skoid=d505667d-d6c1-4a0a-bac7-5c84a87759f8&sktid=a48cca56-e6da-484e-a814-9c849652bcb3&skt=2025-01-01T17%3A21%3A57Z&ske=2025-01-02T17%3A21%3A57Z&sks=b&skv=2024-08-04&sig=q5Shyz4pc85DmDiks2G%2BOcpaVhXL09chACpCP6e33bY%3D,85,
https://oaidalleapiprodscus.blob.core.windows.net/private/org-GMnbtRP4ficn3DyHiO8HT2Ou/user-uBxP2K66QnLbLi7g9cnyXmw2/img-uF4wR1Fv9yhQSQAUzDqehaJG.png?st=2025-01-02T02%3A10%3A53Z&se=2025-01-02T04%3A10%3A53Z&sp=r&sv=2024-08-04&sr=b&rscd=inline&rsct=image/png&skoid=d505667d-d6c1-4a0a-bac7-5c84a87759f8&sktid=a48cca56-e6da-484e-a814-9c849652bcb3&skt=2025-01-01T21%3A20%3A52Z&ske=2025-01-02T21%3A20%3A52Z&sks=b&skv=2024-08-04&sig=Cfp4P0H/bVGtU4DEDN7vLeRj/q1WMw2H8yWsnb5zk%2BY%3D,86,
https://oaidalleapiprodscus.blob.core.windows.net/private/org-GMnbtRP4ficn3DyHiO8HT2Ou/user-uBxP2K66QnLbLi7g9cnyXmw2/img-W1UKlNKBDvdfo19V77Sm7Dj8.png?st=2025-01-02T02%3A11%3A16Z&se=2025-01-02T04%3A11%3A16Z&sp=r&sv=2024-08-04&sr=b&rscd=inline&rsct=image/png&skoid=d505667d-d6c1-4a0a-bac7-5c84a87759f8&sktid=a48cca56-e6da-484e-a814-9c849652bcb3&skt=2025-01-01T21%3A31%3A28Z&ske=2025-01-02T21%3A31%3A28Z&sks=b&skv=2024-08-04&sig=StSl2WXghOBMsKXFTNS%2BTqA0X5ZcW0OCvdDlCJ569mY%3D,87,
https://oaidalleapiprodscus.blob.core.windows.net/private/org-GMnbtRP4ficn3DyHiO8HT2Ou/user-uBxP2K66QnLbLi7g9cnyXmw2/img-aZNZDVKKa3IaTqXzpmqr8jN5.png?st=2025-01-02T02%3A11%3A41Z&se=2025-01-02T04%3A11%3A41Z&sp=r&sv=2024-08-04&sr=b&rscd=inline&rsct=image/png&skoid=d505667d-d6c1-4a0a-bac7-5c84a87759f8&sktid=a48cca56-e6da-484e-a814-9c849652bcb3&skt=2025-01-02T00%3A34%3A41Z&ske=2025-01-03T00%3A34%3A41Z&sks=b&skv=2024-08-04&sig=SESQS3rv3nF6n%2BzjTtKBrkd%2BQxsKGBmsfm5WsDBHB5g%3D,88,
https://oaidalleapiprodscus.blob.core.windows.net/private/org-GMnbtRP4ficn3DyHiO8HT2Ou/user-uBxP2K66QnLbLi7g9cnyXmw2/img-3J9XQ9OUwhglg1k1DP55uPwX.png?st=2025-01-02T02%3A12%3A04Z&se=2025-01-02T04%3A12%3A04Z&sp=r&sv=2024-08-04&sr=b&rscd=inline&rsct=image/png&skoid=d505667d-d6c1-4a0a-bac7-5c84a87759f8&sktid=a48cca56-e6da-484e-a814-9c849652bcb3&skt=2025-01-01T13%3A57%3A52Z&ske=2025-01-02T13%3A57%3A52Z&sks=b&skv=2024-08-04&sig=DxCz96iP0rpSMA25Hv5wtv7I8cKsUXpS4yfG%2Bni9g1c%3D,89,
https://oaidalleapiprodscus.blob.core.windows.net/private/org-GMnbtRP4ficn3DyHiO8HT2Ou/user-uBxP2K66QnLbLi7g9cnyXmw2/img-OuaM0l6SUwUIgUkEGpLbfWf0.png?st=2025-01-02T02%3A12%3A28Z&se=2025-01-02T04%3A12%3A28Z&sp=r&sv=2024-08-04&sr=b&rscd=inline&rsct=image/png&skoid=d505667d-d6c1-4a0a-bac7-5c84a87759f8&sktid=a48cca56-e6da-484e-a814-9c849652bcb3&skt=2025-01-01T22%3A22%3A53Z&ske=2025-01-02T22%3A22%3A53Z&sks=b&skv=2024-08-04&sig=ioVkqJAPFp9QhiBykZCCTWbFsA8KFLHfrJDgJaPmcII%3D,90,
https://oaidalleapiprodscus.blob.core.windows.net/private/org-GMnbtRP4ficn3DyHiO8HT2Ou/user-uBxP2K66QnLbLi7g9cnyXmw2/img-o15G1Omd9zny3qrhPhVwuS18.png?st=2025-01-02T02%3A12%3A54Z&se=2025-01-02T04%3A12%3A54Z&sp=r&sv=2024-08-04&sr=b&rscd=inline&rsct=image/png&skoid=d505667d-d6c1-4a0a-bac7-5c84a87759f8&sktid=a48cca56-e6da-484e-a814-9c849652bcb3&skt=2025-01-01T21%3A18%3A57Z&ske=2025-01-02T21%3A18%3A57Z&sks=b&skv=2024-08-04&sig=omXbMLnhSXZHjlS0/lquJmw4bjmihLELWvkJ/t%2Bw7nY%3D,91,
https://oaidalleapiprodscus.blob.core.windows.net/private/org-GMnbtRP4ficn3DyHiO8HT2Ou/user-uBxP2K66QnLbLi7g9cnyXmw2/img-iN5fR1itWTVaToHT6xEy7ey1.png?st=2025-01-02T02%3A13%3A18Z&se=2025-01-02T04%3A13%3A18Z&sp=r&sv=2024-08-04&sr=b&rscd=inline&rsct=image/png&skoid=d505667d-d6c1-4a0a-bac7-5c84a87759f8&sktid=a48cca56-e6da-484e-a814-9c849652bcb3&skt=2025-01-02T01%3A37%3A15Z&ske=2025-01-03T01%3A37%3A15Z&sks=b&skv=2024-08-04&sig=PCHFjDx%2BlkPaRhd7BSfkGYi51vwHf%2BYemWPHUjbyKcg%3D,92,
https://oaidalleapiprodscus.blob.core.windows.net/private/org-GMnbtRP4ficn3DyHiO8HT2Ou/user-uBxP2K66QnLbLi7g9cnyXmw2/img-w2nq8QItTH2sQ1Lxk3LoDCWo.png?st=2025-01-02T02%3A13%3A39Z&se=2025-01-02T04%3A13%3A39Z&sp=r&sv=2024-08-04&sr=b&rscd=inline&rsct=image/png&skoid=d505667d-d6c1-4a0a-bac7-5c84a87759f8&sktid=a48cca56-e6da-484e-a814-9c849652bcb3&skt=2025-01-01T19%3A16%3A18Z&ske=2025-01-02T19%3A16%3A18Z&sks=b&skv=2024-08-04&sig=50Hu8EHJH2nADM5Q6FbdLCBA4UGX6sbQxiARfJHYwhw%3D,93,
https://oaidalleapiprodscus.blob.core.windows.net/private/org-GMnbtRP4ficn3DyHiO8HT2Ou/user-uBxP2K66QnLbLi7g9cnyXmw2/img-rXYuPjiyBFWP11cOq2GgLWs6.png?st=2025-01-02T02%3A14%3A03Z&se=2025-01-02T04%3A14%3A03Z&sp=r&sv=2024-08-04&sr=b&rscd=inline&rsct=image/png&skoid=d505667d-d6c1-4a0a-bac7-5c84a87759f8&sktid=a48cca56-e6da-484e-a814-9c849652bcb3&skt=2025-01-01T21%3A44%3A06Z&ske=2025-01-02T21%3A44%3A06Z&sks=b&skv=2024-08-04&sig=sgv%2BQSWdpAwUnhY%2BPZCTwCR0uclHRWlvHVnAbjdtGog%3D,94,
https://oaidalleapiprodscus.blob.core.windows.net/private/org-GMnbtRP4ficn3DyHiO8HT2Ou/user-uBxP2K66QnLbLi7g9cnyXmw2/img-vJ4IDwV8hHhGjaTEDaxqkl19.png?st=2025-01-02T02%3A14%3A26Z&se=2025-01-02T04%3A14%3A26Z&sp=r&sv=2024-08-04&sr=b&rscd=inline&rsct=image/png&skoid=d505667d-d6c1-4a0a-bac7-5c84a87759f8&sktid=a48cca56-e6da-484e-a814-9c849652bcb3&skt=2025-01-01T16%3A42%3A25Z&ske=2025-01-02T16%3A42%3A25Z&sks=b&skv=2024-08-04&sig=I5RIWfLDCYnsar8vQuulUkVmQDX8YPTigemEl/LYEYg%3D,95,
https://oaidalleapiprodscus.blob.core.windows.net/private/org-GMnbtRP4ficn3DyHiO8HT2Ou/user-uBxP2K66QnLbLi7g9cnyXmw2/img-8QI43ui4F3IMlJoSPz7gfSkp.png?st=2025-01-02T02%3A14%3A49Z&se=2025-01-02T04%3A14%3A49Z&sp=r&sv=2024-08-04&sr=b&rscd=inline&rsct=image/png&skoid=d505667d-d6c1-4a0a-bac7-5c84a87759f8&sktid=a48cca56-e6da-484e-a814-9c849652bcb3&skt=2025-01-01T22%3A21%3A34Z&ske=2025-01-02T22%3A21%3A34Z&sks=b&skv=2024-08-04&sig=kWN9pnw26NjvjnYxn63Rkcaz74sWLFatKj6/tPhCC6U%3D,96,
https://oaidalleapiprodscus.blob.core.windows.net/private/org-GMnbtRP4ficn3DyHiO8HT2Ou/user-uBxP2K66QnLbLi7g9cnyXmw2/img-TQIhLFYGPGgnLbkACmexrtyg.png?st=2025-01-02T02%3A15%3A12Z&se=2025-01-02T04%3A15%3A12Z&sp=r&sv=2024-08-04&sr=b&rscd=inline&rsct=image/png&skoid=d505667d-d6c1-4a0a-bac7-5c84a87759f8&sktid=a48cca56-e6da-484e-a814-9c849652bcb3&skt=2025-01-01T12%3A40%3A16Z&ske=2025-01-02T12%3A40%3A16Z&sks=b&skv=2024-08-04&sig=%2BIn6Lw3gh%2Bc6irpQnjPwJb6yeSKpB1joe1u%2BLrtn3NM%3D,97,